<?xml version="1.0" encoding="UTF-8"?>

<company>
<name>IBM</name>

<employee gender="Male">
<eno>101</eno>
<ename>Sachin</ename>
<esal>10000</esal>
<designation>Programmer</designation>
</employee>

<employee gender="Male">
<eno>102</eno>
<ename>Amol</ename>
<esal>20000</esal>
<designation>Manager</designation>
</employee>

<employee gender="Male">
<eno>103</eno>
<ename>Sumit</ename>
<esal>450000</esal>
<designation>Programmer</designation>
</employee>


<employee gender="Male">
<eno>104</eno>
<ename>Arjun</ename>
<esal>32000</esal>
<designation>Tech Lead</designation>
</employee>


<employee gender="Male">
<eno>105</eno>
<ename>Shanteshwar</ename>
<esal>50000</esal>
<designation>director</designation>
</employee>
</company>
